Owner,State,County,Country_Code,Acres,Acq_Year,Lat,Lng,Miles_Away,Nearest_Base,Base_Type,China_Flag,Iran_Flag,Russia_Flag,NK_Flag
"FIA TIMBER PARTNERS II, LP",South Carolina,Georgetown,999 - NO PREDOMINANT COUNTRY CODE,8149.0,2012.0,33.4343,-79.3327,9.0,"MCAS Beaufort, SC",Navy,,,,
"Copenhagen Wind Farm, LLC",New York,Jefferson,998 - NO FOREIGN INVESTOR LISTED,2700.0,2018.0,44.0496,-75.9203,9.9,"Fort Drum, NY",Army,,,,
"Lehigh  Hanson ECC, Inc.",New York,Jefferson,998 - NO FOREIGN INVESTOR LISTED,512.0,2017.0,44.0496,-75.9203,9.9,"Fort Drum, NY",Army,,,,
"Lehigh  Hanson ECC, Inc.",New York,Jefferson,998 - NO FOREIGN INVESTOR LISTED,50.0,2017.0,44.0496,-75.9203,9.9,"Fort Drum, NY",Army,,,,
"GOLF PARK, L.C.",Florida,Marion,999 - NO PREDOMINANT COUNTRY CODE,281.0,1992.0,29.2102,-82.0567,10.2,"Camp Blanding, FL",Army,,,,
KAREN FARM CORP.,Florida,Marion,999 - NO PREDOMINANT COUNTRY CODE,80.0,1980.0,29.2102,-82.0567,10.2,"Camp Blanding, FL",Army,,,,
Tamarack Timber Co.  AL.  LLC,Alabama,Russell,999 - NO PREDOMINANT COUNTRY CODE,21.44,2020.0,32.2884,-85.1849,13.5,"Fort Moore, GA",Army,,,,
HTFF Reit Inc,Alabama,Bibb,998 - NO FOREIGN INVESTOR LISTED,7032.0,2018.0,32.9986,-87.1265,14.3,"Maxwell AFB, AL",Air Force,,,,
Tamarack Timber Co.  AL.  LLC,Alabama,Bibb,999 - NO PREDOMINANT COUNTRY CODE,12710.37,2020.0,32.9986,-87.1265,14.3,"Maxwell AFB, AL",Air Force,,,,
Evergreen Timber Co. AL LLC,Alabama,Bibb,999 - NO PREDOMINANT COUNTRY CODE,9396.51,2020.0,32.9986,-87.1265,14.3,"Maxwell AFB, AL",Air Force,,,,
Shades Mountain Timber Co.  AL LLC,Alabama,Bibb,999 - NO PREDOMINANT COUNTRY CODE,4198.13,2020.0,32.9986,-87.1265,14.3,"Maxwell AFB, AL",Air Force,,,,
Tamarack Timber Co.  AL.  LLC,Alabama,Bibb,999 - NO PREDOMINANT COUNTRY CODE,800.33,2020.0,32.9986,-87.1265,14.3,"Maxwell AFB, AL",Air Force,,,,
Shades Mountain Timber Co.  AL LLC,Alabama,Bibb,999 - NO PREDOMINANT COUNTRY CODE,51.27,2020.0,32.9986,-87.1265,14.3,"Maxwell AFB, AL",Air Force,,,,
"PAN CONTINENTAL PROP., CORP.",Florida,Dade,999 - NO PREDOMINANT COUNTRY CODE,105.0,1981.0,25.615,-80.5624,14.7,"Homestead ARB, FL",Navy,,,,
"SANDHURST INVESTMENTS, INC.",Florida,Dade,999 - NO PREDOMINANT COUNTRY CODE,200.0,1982.0,25.615,-80.5624,14.7,"Homestead ARB, FL",Navy,,,,
FUTURE LAND INV. CORP.,Florida,Dade,999 - NO PREDOMINANT COUNTRY CODE,150.0,1974.0,25.615,-80.5624,14.7,"Homestead ARB, FL",Navy,,,,
"OREGON GARDEN PRODUCTS, INC.",Florida,Dade,998 - NO FOREIGN INVESTOR LISTED,61.0,1985.0,25.615,-80.5624,14.7,"Homestead ARB, FL",Navy,,,,
"SUN & SHADE PLANTS, INC.",Florida,Dade,999 - NO PREDOMINANT COUNTRY CODE,20.0,1976.0,25.615,-80.5624,14.7,"Homestead ARB, FL",Navy,,,,
Red Dirt Wind Project LLC,Oklahoma,Logan,999 - NO PREDOMINANT COUNTRY CODE,720.0,2016.0,35.9193,-97.4433,15.6,"Tinker AFB, OK",Air Force,,,,
Red Dirt Wind Project LLC,Oklahoma,Logan,999 - NO PREDOMINANT COUNTRY CODE,160.0,2016.0,35.9193,-97.4433,15.6,"Tinker AFB, OK",Air Force,,,,
Red Dirt Wind Project LLC,Oklahoma,Logan,999 - NO PREDOMINANT COUNTRY CODE,116.0,2016.0,35.9193,-97.4433,15.6,"Tinker AFB, OK",Air Force,,,,
Red Dirt Wind Project LLC,Oklahoma,Logan,999 - NO PREDOMINANT COUNTRY CODE,105.0,2016.0,35.9193,-97.4433,15.6,"Tinker AFB, OK",Air Force,,,,
Red Dirt Wind Project LLC,Oklahoma,Logan,999 - NO PREDOMINANT COUNTRY CODE,40.0,2016.0,35.9193,-97.4433,15.6,"Tinker AFB, OK",Air Force,,,,
"Stilly Way Energy Center, LLC",Oklahoma,Logan,999 - NO PREDOMINANT COUNTRY CODE,2041.0,2022.0,35.9193,-97.4433,15.6,"Tinker AFB, OK",Air Force,,,,
"Stilly Way Energy Center, LLC",Oklahoma,Logan,999 - NO PREDOMINANT COUNTRY CODE,272.0,2023.0,35.9193,-97.4433,15.6,"Tinker AFB, OK",Air Force,0.0,0.0,0.0,0.0
"Stilly Way Energy Center, LLC",Oklahoma,Logan,999 - NO PREDOMINANT COUNTRY CODE,166.0,2023.0,35.9193,-97.4433,15.6,"Tinker AFB, OK",Air Force,0.0,0.0,0.0,0.0
"Stilly Way Energy Center, LLC",Oklahoma,Logan,999 - NO PREDOMINANT COUNTRY CODE,120.0,2023.0,35.9193,-97.4433,15.6,"Tinker AFB, OK",Air Force,0.0,0.0,0.0,0.0
"Stilly Way Energy Center, LLC",Oklahoma,Logan,999 - NO PREDOMINANT COUNTRY CODE,48.0,2023.0,35.9193,-97.4433,15.6,"Tinker AFB, OK",Air Force,0.0,0.0,0.0,0.0
"HOLLY LANE STUD, N.A., LTD.",New Jersey,Ocean,999 - NO PREDOMINANT COUNTRY CODE,91.0,1992.0,39.8856,-74.2814,16.6,"Joint Base McGuire-Dix, NJ",Army,,,,
ISLAND REALTY CORP.,Virginia,Chesapeake,999 - NO PREDOMINANT COUNTRY CODE,904.0,1980.0,36.6778,-76.3023,18.0,"Naval Station Norfolk, VA",Navy,,,,
HTFF Reit Inc,Alabama,Coffee,998 - NO FOREIGN INVESTOR LISTED,853.0,2018.0,31.4027,-85.9882,18.1,"Fort Novosel, AL",Army,,,,
Rubisco US Farmland Blocker LLC,California,Tulare,998 - NO FOREIGN INVESTOR LISTED,183.0,2021.0,36.2202,-118.8005,19.1,"Lemoore NAS, CA",Air Force,,,,
John Hancock Life & Health Insurance Co.,California,Tulare,998 - NO FOREIGN INVESTOR LISTED,162.0,2012.0,36.2202,-118.8005,19.1,"Lemoore NAS, CA",Air Force,0.0,0.0,0.0,0.0
"Sun Orchard Real Estate 2, LLC",California,Tulare,998 - NO FOREIGN INVESTOR LISTED,22.45,2014.0,36.2202,-118.8005,19.1,"Lemoore NAS, CA",Air Force,,,,
MILIXA INVESTMENT CORP.,Virginia,Loudoun,999 - NO PREDOMINANT COUNTRY CODE,792.0,1979.0,39.0907,-77.6357,19.5,"NRO Chantilly, VA",Intel,,,,
Evergreen Timber Co. FL  LLC,Florida,Okaloosa,999 - NO PREDOMINANT COUNTRY CODE,9513.23,2020.0,30.6913,-86.5917,20.0,"Eglin AFB, FL",Air Force,,,,
"Copenhagen Wind Farm, LLC",New York,Lewis,998 - NO FOREIGN INVESTOR LISTED,8585.0,2018.0,43.7851,-75.4486,20.1,"Fort Drum, NY",Army,,,,
HANSON AGGREGATES PENNSYLVANIA LLC,New Jersey,Camden,998 - NO FOREIGN INVESTOR LISTED,88.0,2021.0,39.8035,-74.9597,20.5,"Joint Base McGuire-Dix, NJ",Army,,,,
FFR River Bend Inc.,New Mexico,Dona Ana,998 - NO FOREIGN INVESTOR LISTED,625.95,2016.0,32.3526,-106.8328,20.7,"White Sands Missile Range, NM",Army,,,,
HTFF Reit Inc,Alabama,Shelby,998 - NO FOREIGN INVESTOR LISTED,3665.0,2018.0,33.2643,-86.6607,20.8,"Maxwell AFB, AL",Air Force,,,,
"Kingfisher Timber, LLC",Florida,Santa Rosa,999 - NO PREDOMINANT COUNTRY CODE,3393.87,2017.0,30.7004,-87.0219,21.5,"NAS Pensacola, FL",Navy,,,,
"Kingfisher Timber, LLC",Florida,Santa Rosa,999 - NO PREDOMINANT COUNTRY CODE,640.03,2019.0,30.7004,-87.0219,21.5,"NAS Pensacola, FL",Navy,,,,
"ISE Realty Group, Inc.",Maryland,Kent,998 - NO FOREIGN INVESTOR LISTED,296.0,2021.0,39.2556,-76.039,22.1,"Aberdeen Proving Ground, MD",Navy,,,,
"ISE Realty Group, Inc.",Maryland,Kent,998 - NO FOREIGN INVESTOR LISTED,259.0,2021.0,39.2556,-76.039,22.1,"Aberdeen Proving Ground, MD",Navy,,,,
"ISE Realty Group, Inc.",Maryland,Kent,998 - NO FOREIGN INVESTOR LISTED,185.0,2021.0,39.2556,-76.039,22.1,"Aberdeen Proving Ground, MD",Navy,,,,
"ISE Realty Group, Inc.",Maryland,Kent,998 - NO FOREIGN INVESTOR LISTED,51.0,2021.0,39.2556,-76.039,22.1,"Aberdeen Proving Ground, MD",Navy,,,,
WEYERHAEUSER-VICWOOD PARTNERSHIP,Washington,Thurston,998 - NO FOREIGN INVESTOR LISTED,1153.0,1990.0,46.9256,-122.8333,22.7,"Joint Base Lewis-McChord, WA",Army,,,,
"Tanager Timber, LLC",Virginia,Mathews,999 - NO PREDOMINANT COUNTRY CODE,1303.31,2014.0,37.4353,-76.3438,24.3,"Langley AFB, VA",Air Force,,,,
"Anson Solar Center, LLC",Texas,Jones,998 - NO FOREIGN INVESTOR LISTED,422.0,2019.0,32.7399,-99.8788,24.7,"Dyess AFB, TX",Air Force,,,,
"Anson Solar Center, LLC",Texas,Jones,998 - NO FOREIGN INVESTOR LISTED,331.0,2019.0,32.7399,-99.8788,24.7,"Dyess AFB, TX",Air Force,,,,
"Anson Solar Center, LLC",Texas,Jones,998 - NO FOREIGN INVESTOR LISTED,327.0,2019.0,32.7399,-99.8788,24.7,"Dyess AFB, TX",Air Force,,,,
"Anson Solar Center, LLC",Texas,Jones,998 - NO FOREIGN INVESTOR LISTED,162.0,2019.0,32.7399,-99.8788,24.7,"Dyess AFB, TX",Air Force,,,,
"Anson Solar Center, LLC",Texas,Jones,998 - NO FOREIGN INVESTOR LISTED,160.0,2019.0,32.7399,-99.8788,24.7,"Dyess AFB, TX",Air Force,,,,
"Anson Solar Center, LLC",Texas,Jones,998 - NO FOREIGN INVESTOR LISTED,160.0,2019.0,32.7399,-99.8788,24.7,"Dyess AFB, TX",Air Force,,,,
"Anson Solar Center, LLC",Texas,Jones,998 - NO FOREIGN INVESTOR LISTED,147.0,2019.0,32.7399,-99.8788,24.7,"Dyess AFB, TX",Air Force,,,,
"Anson Solar Center, LLC",Texas,Jones,998 - NO FOREIGN INVESTOR LISTED,132.0,2019.0,32.7399,-99.8788,24.7,"Dyess AFB, TX",Air Force,,,,
"Anson Solar Center, LLC",Texas,Jones,998 - NO FOREIGN INVESTOR LISTED,103.0,2019.0,32.7399,-99.8788,24.7,"Dyess AFB, TX",Air Force,,,,
ROCKHILL FARMS L.P.,Virginia,Stafford,999 - NO PREDOMINANT COUNTRY CODE,103.0,1987.0,38.4207,-77.458,26.4,"Fort Belvoir, VA",Army,,,,
"MT PROPERTIES, LLC",Georgia,Chatham,999 - NO PREDOMINANT COUNTRY CODE,325.0,2012.0,32.0043,-81.1329,26.6,"Fort Stewart, GA",Army,,,,
Blenheim Timber LLC,Georgia,Harris,998 - NO FOREIGN INVESTOR LISTED,103.0,2016.0,32.736,-84.9089,26.7,"Fort Moore, GA",Army,,,,
EVERGREEN TIMBERLANDS CORP.,Georgia,Harris,998 - NO FOREIGN INVESTOR LISTED,120.0,1982.0,32.736,-84.9089,26.7,"Fort Moore, GA",Army,,,,
MOOSA CREEK MITIGTION HOLDINGS LLC,California,San Diego,999 - NO PREDOMINANT COUNTRY CODE,71.2,2017.0,33.0343,-116.735,26.7,"NAS North Island, CA",Air Force,,,,
B.M.K. RANCHES,Florida,Lake,999 - NO PREDOMINANT COUNTRY CODE,756.0,1981.0,28.7615,-81.7113,27.8,"Camp Blanding, FL",Army,,,,
"MIDDLETON, K.",Florida,Lake,999 - NO PREDOMINANT COUNTRY CODE,50.0,1979.0,28.7615,-81.7113,27.8,"Camp Blanding, FL",Army,,,,
B.M.K. RANCHES,Florida,Lake,999 - NO PREDOMINANT COUNTRY CODE,50.0,1985.0,28.7615,-81.7113,27.8,"Camp Blanding, FL",Army,,,,
MARINELAND AMUSEMENT CORP.,California,Los Angeles,998 - NO FOREIGN INVESTOR LISTED,102.0,1982.0,34.3219,-118.2247,28.2,"Los Angeles AFB, CA",Air Force,,,,
HTFF Reit Inc,Alabama,Chilton,998 - NO FOREIGN INVESTOR LISTED,1560.0,2018.0,32.8479,-86.7188,28.3,"Maxwell AFB, AL",Air Force,,,,
"FIA TIMBER PARTNERS II, LP",Alabama,Chilton,999 - NO PREDOMINANT COUNTRY CODE,375.0,2013.0,32.8479,-86.7188,28.3,"Maxwell AFB, AL",Air Force,,,,
Evergreen Timber Co. AL LLC,Alabama,Chilton,999 - NO PREDOMINANT COUNTRY CODE,6891.76,2020.0,32.8479,-86.7188,28.3,"Maxwell AFB, AL",Air Force,,,,
Tamarack Timber Co.  AL.  LLC,Alabama,Chilton,999 - NO PREDOMINANT COUNTRY CODE,5552.61,2020.0,32.8479,-86.7188,28.3,"Maxwell AFB, AL",Air Force,,,,
Shades Mountain Timber Co.  AL LLC,Alabama,Chilton,999 - NO PREDOMINANT COUNTRY CODE,2994.07,2020.0,32.8479,-86.7188,28.3,"Maxwell AFB, AL",Air Force,,,,
Evergreen Timber Co. AL LLC,Alabama,Chilton,999 - NO PREDOMINANT COUNTRY CODE,907.94,2020.0,32.8479,-86.7188,28.3,"Maxwell AFB, AL",Air Force,,,,
Tamarack Timber Co.  AL.  LLC,Alabama,Chilton,999 - NO PREDOMINANT COUNTRY CODE,438.84,2020.0,32.8479,-86.7188,28.3,"Maxwell AFB, AL",Air Force,,,,
Shades Mountain Timber Co.  AL LLC,Alabama,Chilton,999 - NO PREDOMINANT COUNTRY CODE,418.24,2020.0,32.8479,-86.7188,28.3,"Maxwell AFB, AL",Air Force,,,,
Evergreen Timber Co. AL LLC,Alabama,Chilton,999 - NO PREDOMINANT COUNTRY CODE,222.94,2020.0,32.8479,-86.7188,28.3,"Maxwell AFB, AL",Air Force,,,,
Tamarack Timber Co.  AL.  LLC,Alabama,Chilton,999 - NO PREDOMINANT COUNTRY CODE,63.2,2020.0,32.8479,-86.7188,28.3,"Maxwell AFB, AL",Air Force,,,,
"SLATE CREEK WIND PROJECT, LLC",Kansas,Sumner,998 - NO FOREIGN INVESTOR LISTED,17377.49,2015.0,37.2373,-97.4765,28.6,"McConnell AFB, KS",Air Force,,,,
COTTON MEADOWS,Texas,Caldwell,999 - NO PREDOMINANT COUNTRY CODE,70.54,2013.0,29.8368,-97.6199,30.6,"Bergstrom AFB, TX",Air Force,,,,
COTTON MEADOWS,Texas,Caldwell,999 - NO PREDOMINANT COUNTRY CODE,55.67,2013.0,29.8368,-97.6199,30.6,"Bergstrom AFB, TX",Air Force,,,,
"SEACO TEXAS PROPERTIES, INC.",Texas,Harris,999 - NO PREDOMINANT COUNTRY CODE,82.0,1982.0,29.8578,-95.3938,31.1,"Ellington Field, TX",Air Force,,,,
"HZ Solar I, LLC",Texas,Brazoria,999 - NO PREDOMINANT COUNTRY CODE,3000.7,2019.0,29.1898,-95.4521,31.1,"Ellington Field, TX",Air Force,,,,
"STRONG, HANNE M. & MAURICE F.",Colorado,Saguache,999 - NO PREDOMINANT COUNTRY CODE,158.0,1982.0,38.0805,-106.2815,31.9,"Buckley SFB, CO",Air Force,,,,
Red Dirt Wind Project LLC,Oklahoma,Kingfisher,999 - NO PREDOMINANT COUNTRY CODE,1186.0,2016.0,35.9454,-97.9421,32.1,"Tinker AFB, OK",Air Force,,,,
Red Dirt Wind Project LLC,Oklahoma,Kingfisher,999 - NO PREDOMINANT COUNTRY CODE,984.0,2016.0,35.9454,-97.9421,32.1,"Tinker AFB, OK",Air Force,,,,
Red Dirt Wind Project LLC,Oklahoma,Kingfisher,999 - NO PREDOMINANT COUNTRY CODE,790.0,2016.0,35.9454,-97.9421,32.1,"Tinker AFB, OK",Air Force,,,,
Red Dirt Wind Project LLC,Oklahoma,Kingfisher,999 - NO PREDOMINANT COUNTRY CODE,800.0,2016.0,35.9454,-97.9421,32.1,"Tinker AFB, OK",Air Force,,,,
Red Dirt Wind Project LLC,Oklahoma,Kingfisher,999 - NO PREDOMINANT COUNTRY CODE,798.0,2016.0,35.9454,-97.9421,32.1,"Tinker AFB, OK",Air Force,,,,
Red Dirt Wind Project LLC,Oklahoma,Kingfisher,999 - NO PREDOMINANT COUNTRY CODE,560.0,2016.0,35.9454,-97.9421,32.1,"Tinker AFB, OK",Air Force,,,,
Red Dirt Wind Project LLC,Oklahoma,Kingfisher,999 - NO PREDOMINANT COUNTRY CODE,558.0,2016.0,35.9454,-97.9421,32.1,"Tinker AFB, OK",Air Force,,,,
Red Dirt Wind Project LLC,Oklahoma,Kingfisher,999 - NO PREDOMINANT COUNTRY CODE,441.0,2016.0,35.9454,-97.9421,32.1,"Tinker AFB, OK",Air Force,,,,
Red Dirt Wind Project LLC,Oklahoma,Kingfisher,999 - NO PREDOMINANT COUNTRY CODE,400.0,2016.0,35.9454,-97.9421,32.1,"Tinker AFB, OK",Air Force,,,,
Red Dirt Wind Project LLC,Oklahoma,Kingfisher,999 - NO PREDOMINANT COUNTRY CODE,375.0,2016.0,35.9454,-97.9421,32.1,"Tinker AFB, OK",Air Force,,,,
Red Dirt Wind Project LLC,Oklahoma,Kingfisher,999 - NO PREDOMINANT COUNTRY CODE,317.0,2016.0,35.9454,-97.9421,32.1,"Tinker AFB, OK",Air Force,,,,
Red Dirt Wind Project LLC,Oklahoma,Kingfisher,999 - NO PREDOMINANT COUNTRY CODE,320.0,2016.0,35.9454,-97.9421,32.1,"Tinker AFB, OK",Air Force,,,,
Red Dirt Wind Project LLC,Oklahoma,Kingfisher,999 - NO PREDOMINANT COUNTRY CODE,320.0,2016.0,35.9454,-97.9421,32.1,"Tinker AFB, OK",Air Force,,,,
Red Dirt Wind Project LLC,Oklahoma,Kingfisher,999 - NO PREDOMINANT COUNTRY CODE,320.0,2016.0,35.9454,-97.9421,32.1,"Tinker AFB, OK",Air Force,,,,
Red Dirt Wind Project LLC,Oklahoma,Kingfisher,999 - NO PREDOMINANT COUNTRY CODE,309.0,2016.0,35.9454,-97.9421,32.1,"Tinker AFB, OK",Air Force,,,,
Red Dirt Wind Project LLC,Oklahoma,Kingfisher,999 - NO PREDOMINANT COUNTRY CODE,309.0,2016.0,35.9454,-97.9421,32.1,"Tinker AFB, OK",Air Force,,,,
Red Dirt Wind Project LLC,Oklahoma,Kingfisher,999 - NO PREDOMINANT COUNTRY CODE,320.0,2016.0,35.9454,-97.9421,32.1,"Tinker AFB, OK",Air Force,,,,
Red Dirt Wind Project LLC,Oklahoma,Kingfisher,999 - NO PREDOMINANT COUNTRY CODE,260.0,2016.0,35.9454,-97.9421,32.1,"Tinker AFB, OK",Air Force,,,,
Red Dirt Wind Project LLC,Oklahoma,Kingfisher,999 - NO PREDOMINANT COUNTRY CODE,270.0,2016.0,35.9454,-97.9421,32.1,"Tinker AFB, OK",Air Force,,,,
Red Dirt Wind Project LLC,Oklahoma,Kingfisher,999 - NO PREDOMINANT COUNTRY CODE,240.0,2016.0,35.9454,-97.9421,32.1,"Tinker AFB, OK",Air Force,,,,
Red Dirt Wind Project LLC,Oklahoma,Kingfisher,999 - NO PREDOMINANT COUNTRY CODE,240.0,2016.0,35.9454,-97.9421,32.1,"Tinker AFB, OK",Air Force,,,,
Red Dirt Wind Project LLC,Oklahoma,Kingfisher,999 - NO PREDOMINANT COUNTRY CODE,221.0,2016.0,35.9454,-97.9421,32.1,"Tinker AFB, OK",Air Force,,,,
Red Dirt Wind Project LLC,Oklahoma,Kingfisher,999 - NO PREDOMINANT COUNTRY CODE,217.0,2016.0,35.9454,-97.9421,32.1,"Tinker AFB, OK",Air Force,,,,
Red Dirt Wind Project LLC,Oklahoma,Kingfisher,999 - NO PREDOMINANT COUNTRY CODE,163.0,2016.0,35.9454,-97.9421,32.1,"Tinker AFB, OK",Air Force,,,,
Red Dirt Wind Project LLC,Oklahoma,Kingfisher,999 - NO PREDOMINANT COUNTRY CODE,422.0,2016.0,35.9454,-97.9421,32.1,"Tinker AFB, OK",Air Force,,,,
Red Dirt Wind Project LLC,Oklahoma,Kingfisher,999 - NO PREDOMINANT COUNTRY CODE,160.0,2016.0,35.9454,-97.9421,32.1,"Tinker AFB, OK",Air Force,,,,
Red Dirt Wind Project LLC,Oklahoma,Kingfisher,999 - NO PREDOMINANT COUNTRY CODE,160.0,2016.0,35.9454,-97.9421,32.1,"Tinker AFB, OK",Air Force,,,,
Red Dirt Wind Project LLC,Oklahoma,Kingfisher,999 - NO PREDOMINANT COUNTRY CODE,162.0,2016.0,35.9454,-97.9421,32.1,"Tinker AFB, OK",Air Force,,,,
Red Dirt Wind Project LLC,Oklahoma,Kingfisher,999 - NO PREDOMINANT COUNTRY CODE,160.0,2016.0,35.9454,-97.9421,32.1,"Tinker AFB, OK",Air Force,,,,
Red Dirt Wind Project LLC,Oklahoma,Kingfisher,999 - NO PREDOMINANT COUNTRY CODE,160.0,2016.0,35.9454,-97.9421,32.1,"Tinker AFB, OK",Air Force,,,,
Red Dirt Wind Project LLC,Oklahoma,Kingfisher,999 - NO PREDOMINANT COUNTRY CODE,157.0,2016.0,35.9454,-97.9421,32.1,"Tinker AFB, OK",Air Force,,,,
Red Dirt Wind Project LLC,Oklahoma,Kingfisher,999 - NO PREDOMINANT COUNTRY CODE,160.0,2016.0,35.9454,-97.9421,32.1,"Tinker AFB, OK",Air Force,,,,
Red Dirt Wind Project LLC,Oklahoma,Kingfisher,999 - NO PREDOMINANT COUNTRY CODE,160.0,2016.0,35.9454,-97.9421,32.1,"Tinker AFB, OK",Air Force,,,,
Red Dirt Wind Project LLC,Oklahoma,Kingfisher,999 - NO PREDOMINANT COUNTRY CODE,160.0,2016.0,35.9454,-97.9421,32.1,"Tinker AFB, OK",Air Force,,,,
Red Dirt Wind Project LLC,Oklahoma,Kingfisher,999 - NO PREDOMINANT COUNTRY CODE,146.0,2016.0,35.9454,-97.9421,32.1,"Tinker AFB, OK",Air Force,,,,
Red Dirt Wind Project LLC,Oklahoma,Kingfisher,999 - NO PREDOMINANT COUNTRY CODE,144.0,2016.0,35.9454,-97.9421,32.1,"Tinker AFB, OK",Air Force,,,,
Red Dirt Wind Project LLC,Oklahoma,Kingfisher,999 - NO PREDOMINANT COUNTRY CODE,160.0,2016.0,35.9454,-97.9421,32.1,"Tinker AFB, OK",Air Force,,,,
Red Dirt Wind Project LLC,Oklahoma,Kingfisher,999 - NO PREDOMINANT COUNTRY CODE,160.0,2016.0,35.9454,-97.9421,32.1,"Tinker AFB, OK",Air Force,,,,
Red Dirt Wind Project LLC,Oklahoma,Kingfisher,999 - NO PREDOMINANT COUNTRY CODE,130.0,2016.0,35.9454,-97.9421,32.1,"Tinker AFB, OK",Air Force,,,,
Red Dirt Wind Project LLC,Oklahoma,Kingfisher,999 - NO PREDOMINANT COUNTRY CODE,120.0,2016.0,35.9454,-97.9421,32.1,"Tinker AFB, OK",Air Force,,,,
Red Dirt Wind Project LLC,Oklahoma,Kingfisher,999 - NO PREDOMINANT COUNTRY CODE,100.0,2016.0,35.9454,-97.9421,32.1,"Tinker AFB, OK",Air Force,,,,
Red Dirt Wind Project LLC,Oklahoma,Kingfisher,999 - NO PREDOMINANT COUNTRY CODE,84.0,2016.0,35.9454,-97.9421,32.1,"Tinker AFB, OK",Air Force,,,,
Red Dirt Wind Project LLC,Oklahoma,Kingfisher,999 - NO PREDOMINANT COUNTRY CODE,80.0,2016.0,35.9454,-97.9421,32.1,"Tinker AFB, OK",Air Force,,,,
Red Dirt Wind Project LLC,Oklahoma,Kingfisher,999 - NO PREDOMINANT COUNTRY CODE,80.0,2016.0,35.9454,-97.9421,32.1,"Tinker AFB, OK",Air Force,,,,
Red Dirt Wind Project LLC,Oklahoma,Kingfisher,999 - NO PREDOMINANT COUNTRY CODE,78.0,2016.0,35.9454,-97.9421,32.1,"Tinker AFB, OK",Air Force,,,,
Red Dirt Wind Project LLC,Oklahoma,Kingfisher,999 - NO PREDOMINANT COUNTRY CODE,80.0,2016.0,35.9454,-97.9421,32.1,"Tinker AFB, OK",Air Force,,,,
Red Dirt Wind Project LLC,Oklahoma,Kingfisher,999 - NO PREDOMINANT COUNTRY CODE,79.0,2016.0,35.9454,-97.9421,32.1,"Tinker AFB, OK",Air Force,,,,
Red Dirt Wind Project LLC,Oklahoma,Kingfisher,999 - NO PREDOMINANT COUNTRY CODE,80.0,2016.0,35.9454,-97.9421,32.1,"Tinker AFB, OK",Air Force,,,,
Red Dirt Wind Project LLC,Oklahoma,Kingfisher,999 - NO PREDOMINANT COUNTRY CODE,80.0,2016.0,35.9454,-97.9421,32.1,"Tinker AFB, OK",Air Force,,,,
Red Dirt Wind Project LLC,Oklahoma,Kingfisher,999 - NO PREDOMINANT COUNTRY CODE,27.0,2016.0,35.9454,-97.9421,32.1,"Tinker AFB, OK",Air Force,,,,
"EDELWEISS, INC.& MARISA, INC.",California,Solano,999 - NO PREDOMINANT COUNTRY CODE,303.0,1976.0,38.27,-121.9328,32.2,"Travis AFB, CA",Air Force,,,,
"BELLEI, PLOOG SCHUMIDT",California,Solano,999 - NO PREDOMINANT COUNTRY CODE,31.0,1978.0,38.27,-121.9328,32.2,"Travis AFB, CA",Air Force,,,,
T L.L.C.,Colorado,Grand,998 - NO FOREIGN INVESTOR LISTED,96.78,2004.0,40.1026,-106.1183,32.3,"Fort Carson, CO",Army,,,,
LEHIGH CEMENT CO LLC,Maryland,Carroll,999 - NO PREDOMINANT COUNTRY CODE,154.0,1977.0,39.5629,-77.0225,32.4,"Andrews AFB, MD",Air Force,,,,
NEVER BEND LLC,California,San Joaquin,999 - NO PREDOMINANT COUNTRY CODE,247.0,1999.0,37.9348,-121.2714,33.6,"Travis AFB, CA",Air Force,,,,
NEVER BEND LLC,California,San Joaquin,999 - NO PREDOMINANT COUNTRY CODE,77.0,2006.0,37.9348,-121.2714,33.6,"Travis AFB, CA",Air Force,,,,
NEVER BEND LLC,California,San Joaquin,999 - NO PREDOMINANT COUNTRY CODE,240.0,1996.0,37.9348,-121.2714,33.6,"Travis AFB, CA",Air Force,,,,
NEVER BEND LLC,California,San Joaquin,999 - NO PREDOMINANT COUNTRY CODE,80.0,1996.0,37.9348,-121.2714,33.6,"Travis AFB, CA",Air Force,,,,
Evergreen Timber Co. FL  LLC,Florida,Walton,999 - NO PREDOMINANT COUNTRY CODE,185.47,2020.0,30.6436,-86.1697,34.3,"Eglin AFB, FL",Air Force,,,,
Hanson Aggregates Pennsylvania LLC,Maryland,Frederick,999 - NO PREDOMINANT COUNTRY CODE,163.0,2009.0,39.4722,-77.398,34.5,"NRO Chantilly, VA",Intel,0.0,0.0,0.0,0.0
Hanson Aggregates Pennsylvania LLC,Maryland,Frederick,999 - NO PREDOMINANT COUNTRY CODE,26.0,2008.0,39.4722,-77.398,34.5,"NRO Chantilly, VA",Intel,0.0,0.0,0.0,0.0
"HTFF SE-T, LLC",South Carolina,Berkeley,998 - NO FOREIGN INVESTOR LISTED,16477.0,2023.0,33.1973,-79.9522,34.7,"MCAS Beaufort, SC",Navy,0.0,0.0,0.0,0.0
BERKELEY PINES LTD PARTNERSHIP,South Carolina,Berkeley,998 - NO FOREIGN INVESTOR LISTED,954.0,2012.0,33.1973,-79.9522,34.7,"MCAS Beaufort, SC",Navy,,,,
"CRAY FIELDS ENERGY CENTER, LLC",South Carolina,Berkeley,999 - NO PREDOMINANT COUNTRY CODE,787.0,2023.0,33.1973,-79.9522,34.7,"MCAS Beaufort, SC",Navy,0.0,0.0,0.0,0.0
"FIA TIMBER PARTNERS II, LP",Georgia,Talbot,999 - NO PREDOMINANT COUNTRY CODE,9000.0,2011.0,32.6995,-84.533,34.8,"Fort Moore, GA",Army,,,,
"CAROWEST, LTD.",Texas,Comal,999 - NO PREDOMINANT COUNTRY CODE,238.0,1994.0,29.8082,-98.2783,35.7,"Lackland AFB, TX",Air Force,,,,
HTFF Reit Inc,Alabama,Pike,998 - NO FOREIGN INVESTOR LISTED,1826.0,2018.0,31.8027,-85.9409,36.8,"Fort Novosel, AL",Army,,,,
Tamarack Timber Co.  AL.  LLC,Alabama,Pike,999 - NO PREDOMINANT COUNTRY CODE,5372.15,2020.0,31.8027,-85.9409,36.8,"Fort Novosel, AL",Army,,,,
Evergreen Timber Co. AL LLC,Alabama,Pike,999 - NO PREDOMINANT COUNTRY CODE,1322.65,2020.0,31.8027,-85.9409,36.8,"Fort Novosel, AL",Army,,,,
Shades Mountain Timber Co.  AL LLC,Alabama,Pike,999 - NO PREDOMINANT COUNTRY CODE,69.59,2020.0,31.8027,-85.9409,36.8,"Fort Novosel, AL",Army,,,,
EQUILON PIPELINE COMPANY LLC,Louisiana,St. James,999 - NO PREDOMINANT COUNTRY CODE,559.0,1998.0,30.027,-90.7931,37.1,"Barksdale AFB, LA",Air Force,,,,
"BRYANT, PETER & RAJIN SAVITRI",North Carolina,Sampson,999 - NO PREDOMINANT COUNTRY CODE,152.0,2001.0,34.9916,-78.3714,37.2,"Fort Liberty, NC",Army,,,,
"MEHNERT, VOLKER & GERTRUDE MAEDLER-KRON",Florida,Indian River,999 - NO PREDOMINANT COUNTRY CODE,10.0,1977.0,27.6943,-80.6064,37.3,"Patrick SFB, FL",Navy,,,,
COUNTRYDALE BUSINESS PARK CO.,Colorado,Jefferson,999 - NO PREDOMINANT COUNTRY CODE,244.0,1981.0,39.5864,-105.2505,38.6,"Fort Carson, CO",Army,,,,
"Renwood Ranch, LLC",California,Amador,999 - NO PREDOMINANT COUNTRY CODE,415.09,2013.0,38.4464,-120.6511,38.9,"Travis AFB, CA",Air Force,,,,
"Wineries Real Estate Holdings, Inc",California,Amador,999 - NO PREDOMINANT COUNTRY CODE,40.08,2011.0,38.4464,-120.6511,38.9,"Travis AFB, CA",Air Force,,,,
Hacienda Springs LLC,Texas,Kendall,998 - NO FOREIGN INVESTOR LISTED,319.0,2009.0,29.9447,-98.7115,39.2,"Lackland AFB, TX",Air Force,,,,
Hacienda Springs LLC,Texas,Kendall,998 - NO FOREIGN INVESTOR LISTED,101.0,2010.0,29.9447,-98.7115,39.2,"Lackland AFB, TX",Air Force,,,,
"LEWIS DEVELOPMENT, LLC",Washington,Lewis,999 - NO PREDOMINANT COUNTRY CODE,1217.0,2016.0,46.5778,-122.3927,39.4,"Joint Base Lewis-McChord, WA",Army,,,,
"Boistfort Wind Farm, LLC",Washington,Lewis,998 - NO FOREIGN INVESTOR LISTED,15624.0,2022.0,46.5778,-122.3927,39.4,"Joint Base Lewis-McChord, WA",Army,,,,
"Tanager Timber, LLC",Virginia,Middlesex,999 - NO PREDOMINANT COUNTRY CODE,131.0,2021.0,37.6303,-76.5698,39.5,"Langley AFB, VA",Air Force,,,,
Tamarack Timber Co.  AL.  LLC,Alabama,Perry,999 - NO PREDOMINANT COUNTRY CODE,8423.54,2020.0,32.6385,-87.2944,41.0,"Maxwell AFB, AL",Air Force,,,,
Evergreen Timber Co. AL LLC,Alabama,Perry,999 - NO PREDOMINANT COUNTRY CODE,2361.32,2020.0,32.6385,-87.2944,41.0,"Maxwell AFB, AL",Air Force,,,,
Tamarack Timber Co.  AL.  LLC,Alabama,Perry,999 - NO PREDOMINANT COUNTRY CODE,796.23,2020.0,32.6385,-87.2944,41.0,"Maxwell AFB, AL",Air Force,,,,
Evergreen Timber Co. AL LLC,Alabama,Perry,999 - NO PREDOMINANT COUNTRY CODE,81.6,2020.0,32.6385,-87.2944,41.0,"Maxwell AFB, AL",Air Force,,,,
Shades Mountain Timber Co.  AL LLC,Alabama,Perry,999 - NO PREDOMINANT COUNTRY CODE,78.84,2020.0,32.6385,-87.2944,41.0,"Maxwell AFB, AL",Air Force,,,,
"COTTONTAIL SOLAR 2, LLC",Pennsylvania,York,999 - NO PREDOMINANT COUNTRY CODE,136.97,2021.0,39.92,-76.7265,41.2,"Aberdeen Proving Ground, MD",Navy,,,,
"COTTONTAIL SOLAR 1, LLC",Pennsylvania,York,999 - NO PREDOMINANT COUNTRY CODE,135.69,2021.0,39.92,-76.7265,41.2,"Aberdeen Proving Ground, MD",Navy,,,,
"COTTONTAIL SOLAR 8, LLC",Pennsylvania,York,999 - NO PREDOMINANT COUNTRY CODE,106.86,2021.0,39.92,-76.7265,41.2,"Aberdeen Proving Ground, MD",Navy,,,,
"COTTONTAIL SOLAR 1, LLC",Pennsylvania,York,999 - NO PREDOMINANT COUNTRY CODE,9.66,2021.0,39.92,-76.7265,41.2,"Aberdeen Proving Ground, MD",Navy,,,,
"CHOWCHILLA INVESTMENTS, INC.",California,Fresno,999 - NO PREDOMINANT COUNTRY CODE,2134.0,1998.0,36.7582,-119.6493,41.3,"Lemoore NAS, CA",Air Force,,,,
Cutlass Solar II LLC,Texas,Fort Bend,998 - NO FOREIGN INVESTOR LISTED,1107.74,2022.0,29.5275,-95.7709,41.7,"Ellington Field, TX",Air Force,0.0,0.0,0.0,0.0
"FJ Battery, LLC",Texas,Fort Bend,999 - NO PREDOMINANT COUNTRY CODE,22.98,2021.0,29.5275,-95.7709,41.7,"Ellington Field, TX",Air Force,,,,
Shades Mountain Timber Co.  AL LLC,Alabama,Barbour,999 - NO PREDOMINANT COUNTRY CODE,1820.13,2020.0,31.8696,-85.3932,41.7,"Fort Moore, GA",Army,,,,
"HORIZONS 2000, INC.",Alabama,Macon,999 - NO PREDOMINANT COUNTRY CODE,165.0,1985.0,32.3859,-85.6927,42.4,"Fort Moore, GA",Army,,,,
Tamarack Timber Co.  AL.  LLC,Alabama,Macon,999 - NO PREDOMINANT COUNTRY CODE,3590.1,2020.0,32.3859,-85.6927,42.4,"Fort Moore, GA",Army,,,,
Evergreen Timber Co. AL LLC,Alabama,Macon,999 - NO PREDOMINANT COUNTRY CODE,1516.8,2020.0,32.3859,-85.6927,42.4,"Fort Moore, GA",Army,,,,
Tamarack Timber Co.  AL.  LLC,Alabama,Macon,999 - NO PREDOMINANT COUNTRY CODE,495.55,2020.0,32.3859,-85.6927,42.4,"Fort Moore, GA",Army,,,,
Shades Mountain Timber Co.  AL LLC,Alabama,Macon,999 - NO PREDOMINANT COUNTRY CODE,371.76,2020.0,32.3859,-85.6927,42.4,"Fort Moore, GA",Army,,,,
"STA Pharmaceutical USA, Co",Delaware,New Castle,999 - NO PREDOMINANT COUNTRY CODE,189.55,2021.0,39.5768,-75.6527,43.5,"Aberdeen Proving Ground, MD",Navy,1.0,0.0,0.0,0.0
"Pederson Natural Farms, Inc",Texas,Hamilton,998 - NO FOREIGN INVESTOR LISTED,132.12,2013.0,31.7048,-98.1107,43.7,"Fort Cavazos, TX",Army,,,,
"HTFF SE-A, LLC",North Carolina,Bladen,999 - NO PREDOMINANT COUNTRY CODE,1147.35,2023.0,34.6146,-78.5637,43.9,"Fort Liberty, NC",Army,0.0,0.0,0.0,0.0
"FIA TIMBER PARTNERS II, LP",Georgia,Taylor,999 - NO PREDOMINANT COUNTRY CODE,2250.0,2011.0,32.5555,-84.2505,44.0,"Fort Moore, GA",Army,,,,
LEFRAFO LLC,Georgia,Taylor,998 - NO FOREIGN INVESTOR LISTED,415.94,2018.0,32.5555,-84.2505,44.0,"Fort Moore, GA",Army,,,,
Tamarack Timber Co.  AL.  LLC,Alabama,Covington,999 - NO PREDOMINANT COUNTRY CODE,2525.18,2020.0,31.2485,-86.4513,44.6,"Fort Novosel, AL",Army,,,,
Shades Mountain Timber Co.  AL LLC,Alabama,Covington,999 - NO PREDOMINANT COUNTRY CODE,945.32,2020.0,31.2485,-86.4513,44.6,"Fort Novosel, AL",Army,,,,
Evergreen Timber Co. AL LLC,Alabama,Covington,999 - NO PREDOMINANT COUNTRY CODE,510.06,2020.0,31.2485,-86.4513,44.6,"Fort Novosel, AL",Army,,,,
NORTHERN TRUST CO. TRUST #2-45255,Texas,McLennan,998 - NO FOREIGN INVESTOR LISTED,13.0,1985.0,31.5524,-97.2018,44.7,"Fort Cavazos, TX",Army,,,,
"Tanager Timber, LLC",Virginia,Lancaster,999 - NO PREDOMINANT COUNTRY CODE,779.6,2014.0,37.7345,-76.4632,45.4,"Langley AFB, VA",Air Force,,,,
"VIRGINIA LAND & TIMBER, L.P.",Virginia,New Kent,999 - NO PREDOMINANT COUNTRY CODE,278.0,1989.0,37.5052,-76.9974,45.6,"Langley AFB, VA",Air Force,,,,
ACP PENNSVILLE ASSOCIATES,New Jersey,Salem,999 - NO PREDOMINANT COUNTRY CODE,41.0,1992.0,39.5876,-75.3491,45.6,"Joint Base McGuire-Dix, NJ",Army,,,,
HANSON AGGREGATES PENNSYLVANIA LLC,New Jersey,Cumberland,998 - NO FOREIGN INVESTOR LISTED,281.0,2021.0,39.3739,-75.1107,45.7,"Joint Base McGuire-Dix, NJ",Army,,,,
TASSA-HIGHLAND CORP.,California,Contra Costa,999 - NO PREDOMINANT COUNTRY CODE,233.0,1992.0,37.9192,-121.9275,45.8,"Travis AFB, CA",Air Force,,,,
"Tanager Timber, LLC",Virginia,Spotsylvania,999 - NO PREDOMINANT COUNTRY CODE,1089.0,2014.0,38.1851,-77.6561,45.8,"Fort Belvoir, VA",Army,,,,
"Tanager Timber, LLC",Virginia,Westmoreland,999 - NO PREDOMINANT COUNTRY CODE,290.0,2014.0,38.112,-76.8042,46.1,"Fort Belvoir, VA",Army,,,,
Evergreen Timber Co. AL LLC,Alabama,Crenshaw,999 - NO PREDOMINANT COUNTRY CODE,10757.94,2020.0,31.7315,-86.3136,46.4,"Fort Novosel, AL",Army,,,,
Tamarack Timber Co.  AL.  LLC,Alabama,Crenshaw,999 - NO PREDOMINANT COUNTRY CODE,4644.28,2020.0,31.7315,-86.3136,46.4,"Fort Novosel, AL",Army,,,,
"FLOWERING HILLS FARM, INC.",Florida,Alachua,999 - NO PREDOMINANT COUNTRY CODE,473.0,1981.0,29.6747,-82.3577,46.8,"Camp Blanding, FL",Army,,,,
HTFF Reit Inc,Alabama,Coosa,998 - NO FOREIGN INVESTOR LISTED,19839.0,2018.0,32.9362,-86.2477,47.0,"Maxwell AFB, AL",Air Force,,,,
Tamarack Timber Co.  AL.  LLC,Alabama,Coosa,999 - NO PREDOMINANT COUNTRY CODE,5209.14,2020.0,32.9362,-86.2477,47.0,"Maxwell AFB, AL",Air Force,,,,
Shades Mountain Timber Co.  AL LLC,Alabama,Coosa,999 - NO PREDOMINANT COUNTRY CODE,2326.54,2020.0,32.9362,-86.2477,47.0,"Maxwell AFB, AL",Air Force,,,,
Tamarack Timber Co.  AL.  LLC,Alabama,Coosa,999 - NO PREDOMINANT COUNTRY CODE,1416.2,2020.0,32.9362,-86.2477,47.0,"Maxwell AFB, AL",Air Force,,,,
Evergreen Timber Co. AL LLC,Alabama,Coosa,999 - NO PREDOMINANT COUNTRY CODE,1247.6,2020.0,32.9362,-86.2477,47.0,"Maxwell AFB, AL",Air Force,,,,
Evergreen Timber Co. AL LLC,Alabama,Coosa,999 - NO PREDOMINANT COUNTRY CODE,336.06,2020.0,32.9362,-86.2477,47.0,"Maxwell AFB, AL",Air Force,,,,
Tamarack Timber Co.  AL.  LLC,Alabama,Coosa,999 - NO PREDOMINANT COUNTRY CODE,58.16,2020.0,32.9362,-86.2477,47.0,"Maxwell AFB, AL",Air Force,,,,
"Cantusee Timberlands, LLC",South Carolina,Charleston,999 - NO PREDOMINANT COUNTRY CODE,5359.0,2014.0,32.8348,-79.953,47.1,"MCAS Beaufort, SC",Navy,,,,
"Cantusee Timberlands, LLC",South Carolina,Charleston,999 - NO PREDOMINANT COUNTRY CODE,4021.0,2015.0,32.8348,-79.953,47.1,"MCAS Beaufort, SC",Navy,,,,
"HORIZONS 2000, INC.",Alabama,Bullock,999 - NO PREDOMINANT COUNTRY CODE,150.0,1984.0,32.1005,-85.7157,47.1,"Fort Moore, GA",Army,,,,
PECAN GROVES LTD.,Alabama,Bullock,999 - NO PREDOMINANT COUNTRY CODE,67.0,1983.0,32.1005,-85.7157,47.1,"Fort Moore, GA",Army,,,,
PECAN GROVES LTD.,Alabama,Bullock,999 - NO PREDOMINANT COUNTRY CODE,37.0,1983.0,32.1005,-85.7157,47.1,"Fort Moore, GA",Army,,,,
"HORIZONS 2000, INC.",Alabama,Bullock,999 - NO PREDOMINANT COUNTRY CODE,50.0,1983.0,32.1005,-85.7157,47.1,"Fort Moore, GA",Army,,,,
HORIZONS PECAN GROVES,Alabama,Bullock,999 - NO PREDOMINANT COUNTRY CODE,15.0,1985.0,32.1005,-85.7157,47.1,"Fort Moore, GA",Army,,,,
HORIZONS PECAN GROVES,Alabama,Bullock,999 - NO PREDOMINANT COUNTRY CODE,15.0,1984.0,32.1005,-85.7157,47.1,"Fort Moore, GA",Army,,,,
PECAN GROVES LTD.,Alabama,Bullock,999 - NO PREDOMINANT COUNTRY CODE,12.0,1983.0,32.1005,-85.7157,47.1,"Fort Moore, GA",Army,,,,
Tamarack Timber Co.  AL.  LLC,Alabama,Bullock,999 - NO PREDOMINANT COUNTRY CODE,12138.0,2020.0,32.1005,-85.7157,47.1,"Fort Moore, GA",Army,,,,
Evergreen Timber Co. AL LLC,Alabama,Bullock,999 - NO PREDOMINANT COUNTRY CODE,11906.97,2020.0,32.1005,-85.7157,47.1,"Fort Moore, GA",Army,,,,
Shades Mountain Timber Co.  AL LLC,Alabama,Bullock,999 - NO PREDOMINANT COUNTRY CODE,3687.52,2020.0,32.1005,-85.7157,47.1,"Fort Moore, GA",Army,,,,
Evergreen Timber Co. AL LLC,Alabama,Bullock,999 - NO PREDOMINANT COUNTRY CODE,543.06,2020.0,32.1005,-85.7157,47.1,"Fort Moore, GA",Army,,,,
Tamarack Timber Co.  AL.  LLC,Alabama,Bullock,999 - NO PREDOMINANT COUNTRY CODE,82.1,2020.0,32.1005,-85.7157,47.1,"Fort Moore, GA",Army,,,,
Shades Mountain Timber Co.  AL LLC,Alabama,Bullock,999 - NO PREDOMINANT COUNTRY CODE,45.69,2020.0,32.1005,-85.7157,47.1,"Fort Moore, GA",Army,,,,
"HORIZONS 2000, INC.",Alabama,Bullock,999 - NO PREDOMINANT COUNTRY CODE,3.0,1983.0,32.1005,-85.7157,47.1,"Fort Moore, GA",Army,,,,
Tamarack Timber Co.  AL.  LLC,Alabama,Baldwin,999 - NO PREDOMINANT COUNTRY CODE,30563.46,2020.0,30.7277,-87.7226,47.3,"NAS Pensacola, FL",Navy,,,,
Evergreen Timber Co. AL LLC,Alabama,Baldwin,999 - NO PREDOMINANT COUNTRY CODE,15930.77,2020.0,30.7277,-87.7226,47.3,"NAS Pensacola, FL",Navy,,,,
Shades Mountain Timber Co.  AL LLC,Alabama,Baldwin,999 - NO PREDOMINANT COUNTRY CODE,8787.55,2020.0,30.7277,-87.7226,47.3,"NAS Pensacola, FL",Navy,,,,
Tamarack Timber Co.  AL.  LLC,Alabama,Baldwin,999 - NO PREDOMINANT COUNTRY CODE,632.44,2020.0,30.7277,-87.7226,47.3,"NAS Pensacola, FL",Navy,,,,
Shades Mountain Timber Co.  AL LLC,Alabama,Baldwin,999 - NO PREDOMINANT COUNTRY CODE,267.4,2020.0,30.7277,-87.7226,47.3,"NAS Pensacola, FL",Navy,,,,
Evergreen Timber Co. AL LLC,Alabama,Baldwin,999 - NO PREDOMINANT COUNTRY CODE,145.48,2020.0,30.7277,-87.7226,47.3,"NAS Pensacola, FL",Navy,,,,
"HTFF SE-T, LLC",South Carolina,Horry,998 - NO FOREIGN INVESTOR LISTED,258.0,2023.0,33.9216,-78.9969,47.5,"MCAS Beaufort, SC",Navy,0.0,0.0,0.0,0.0
"AGRO-DYNAMICS FARMS (TEXAS), INC.",Texas,Liberty,999 - NO PREDOMINANT COUNTRY CODE,259.0,1990.0,30.1516,-94.8122,47.8,"Ellington Field, TX",Air Force,,,,
"AGRO-DYNAMICS FARMS (TEXAS), INC.",Texas,Liberty,999 - NO PREDOMINANT COUNTRY CODE,17.0,1989.0,30.1516,-94.8122,47.8,"Ellington Field, TX",Air Force,,,,
B.M.K. RANCHES,Florida,Orange,999 - NO PREDOMINANT COUNTRY CODE,635.0,1981.0,28.5144,-81.3235,48.0,"Patrick SFB, FL",Navy,,,,
"Bear Island Forest, LLC",Virginia,Prince George,999 - NO PREDOMINANT COUNTRY CODE,10431.0,2015.0,37.1865,-77.2242,48.1,"Langley AFB, VA",Air Force,,,,
STANTON PROPERTIES II,New Jersey,Hunterdon,999 - NO PREDOMINANT COUNTRY CODE,562.0,1992.0,40.5673,-74.9122,48.9,"Joint Base McGuire-Dix, NJ",Army,,,,
"Tanager Timber, LLC",Virginia,Caroline,999 - NO PREDOMINANT COUNTRY CODE,153.0,2014.0,38.0267,-77.3472,49.0,"Fort Belvoir, VA",Army,,,,
Tamarack Timber Co.  AL.  LLC,Alabama,Autauga,999 - NO PREDOMINANT COUNTRY CODE,17147.16,2020.0,32.5349,-86.6427,49.2,"Maxwell AFB, AL",Air Force,,,,
Tamarack Timber Co.  AL.  LLC,Alabama,Autauga,999 - NO PREDOMINANT COUNTRY CODE,7287.16,2020.0,32.5349,-86.6427,49.2,"Maxwell AFB, AL",Air Force,,,,
Shades Mountain Timber Co.  AL LLC,Alabama,Autauga,999 - NO PREDOMINANT COUNTRY CODE,5869.46,2020.0,32.5349,-86.6427,49.2,"Maxwell AFB, AL",Air Force,,,,
Evergreen Timber Co. AL LLC,Alabama,Autauga,999 - NO PREDOMINANT COUNTRY CODE,3603.54,2020.0,32.5349,-86.6427,49.2,"Maxwell AFB, AL",Air Force,,,,
Tamarack Timber Co.  AL.  LLC,Alabama,Autauga,999 - NO PREDOMINANT COUNTRY CODE,443.62,2020.0,32.5349,-86.6427,49.2,"Maxwell AFB, AL",Air Force,,,,
Evergreen Timber Co. AL LLC,Alabama,Autauga,999 - NO PREDOMINANT COUNTRY CODE,358.41,2020.0,32.5349,-86.6427,49.2,"Maxwell AFB, AL",Air Force,,,,
Shades Mountain Timber Co.  AL LLC,Alabama,Autauga,999 - NO PREDOMINANT COUNTRY CODE,128.86,2020.0,32.5349,-86.6427,49.2,"Maxwell AFB, AL",Air Force,,,,
"THUNDER RANCH WIND PROJECT, LLC",Oklahoma,Noble,999 - NO PREDOMINANT COUNTRY CODE,80.0,2015.0,36.3886,-97.2305,49.7,"Tinker AFB, OK",Air Force,,,,
"THUNDER RANCH WIND PROJECT, LLC",Oklahoma,Noble,999 - NO PREDOMINANT COUNTRY CODE,1920.0,2016.0,36.3886,-97.2305,49.7,"Tinker AFB, OK",Air Force,,,,
"THUNDER RANCH WIND PROJECT, LLC",Oklahoma,Noble,999 - NO PREDOMINANT COUNTRY CODE,1646.0,2016.0,36.3886,-97.2305,49.7,"Tinker AFB, OK",Air Force,,,,
"THUNDER RANCH WIND PROJECT, LLC",Oklahoma,Noble,999 - NO PREDOMINANT COUNTRY CODE,1446.0,2016.0,36.3886,-97.2305,49.7,"Tinker AFB, OK",Air Force,,,,
"THUNDER RANCH WIND PROJECT, LLC",Oklahoma,Noble,999 - NO PREDOMINANT COUNTRY CODE,1119.0,2016.0,36.3886,-97.2305,49.7,"Tinker AFB, OK",Air Force,,,,
"THUNDER RANCH WIND PROJECT, LLC",Oklahoma,Noble,999 - NO PREDOMINANT COUNTRY CODE,1018.0,2016.0,36.3886,-97.2305,49.7,"Tinker AFB, OK",Air Force,,,,
"THUNDER RANCH WIND PROJECT, LLC",Oklahoma,Noble,999 - NO PREDOMINANT COUNTRY CODE,706.0,2016.0,36.3886,-97.2305,49.7,"Tinker AFB, OK",Air Force,,,,
"THUNDER RANCH WIND PROJECT, LLC",Oklahoma,Noble,999 - NO PREDOMINANT COUNTRY CODE,719.0,2016.0,36.3886,-97.2305,49.7,"Tinker AFB, OK",Air Force,,,,
"THUNDER RANCH WIND PROJECT, LLC",Oklahoma,Noble,999 - NO PREDOMINANT COUNTRY CODE,624.0,2016.0,36.3886,-97.2305,49.7,"Tinker AFB, OK",Air Force,,,,
"THUNDER RANCH WIND PROJECT, LLC",Oklahoma,Noble,999 - NO PREDOMINANT COUNTRY CODE,533.0,2016.0,36.3886,-97.2305,49.7,"Tinker AFB, OK",Air Force,,,,
"THUNDER RANCH WIND PROJECT, LLC",Oklahoma,Noble,999 - NO PREDOMINANT COUNTRY CODE,480.0,2016.0,36.3886,-97.2305,49.7,"Tinker AFB, OK",Air Force,,,,
"THUNDER RANCH WIND PROJECT, LLC",Oklahoma,Noble,999 - NO PREDOMINANT COUNTRY CODE,520.0,2016.0,36.3886,-97.2305,49.7,"Tinker AFB, OK",Air Force,,,,
"THUNDER RANCH WIND PROJECT, LLC",Oklahoma,Noble,999 - NO PREDOMINANT COUNTRY CODE,472.0,2016.0,36.3886,-97.2305,49.7,"Tinker AFB, OK",Air Force,,,,
"THUNDER RANCH WIND PROJECT, LLC",Oklahoma,Noble,999 - NO PREDOMINANT COUNTRY CODE,360.0,2016.0,36.3886,-97.2305,49.7,"Tinker AFB, OK",Air Force,,,,
"THUNDER RANCH WIND PROJECT, LLC",Oklahoma,Noble,999 - NO PREDOMINANT COUNTRY CODE,322.0,2016.0,36.3886,-97.2305,49.7,"Tinker AFB, OK",Air Force,,,,
"THUNDER RANCH WIND PROJECT, LLC",Oklahoma,Noble,999 - NO PREDOMINANT COUNTRY CODE,313.0,2016.0,36.3886,-97.2305,49.7,"Tinker AFB, OK",Air Force,,,,
"THUNDER RANCH WIND PROJECT, LLC",Oklahoma,Noble,999 - NO PREDOMINANT COUNTRY CODE,320.0,2016.0,36.3886,-97.2305,49.7,"Tinker AFB, OK",Air Force,,,,
"THUNDER RANCH WIND PROJECT, LLC",Oklahoma,Noble,999 - NO PREDOMINANT COUNTRY CODE,320.0,2016.0,36.3886,-97.2305,49.7,"Tinker AFB, OK",Air Force,,,,
"THUNDER RANCH WIND PROJECT, LLC",Oklahoma,Noble,999 - NO PREDOMINANT COUNTRY CODE,240.0,2016.0,36.3886,-97.2305,49.7,"Tinker AFB, OK",Air Force,,,,
"THUNDER RANCH WIND PROJECT, LLC",Oklahoma,Noble,999 - NO PREDOMINANT COUNTRY CODE,236.0,2016.0,36.3886,-97.2305,49.7,"Tinker AFB, OK",Air Force,,,,
"THUNDER RANCH WIND PROJECT, LLC",Oklahoma,Noble,999 - NO PREDOMINANT COUNTRY CODE,240.0,2016.0,36.3886,-97.2305,49.7,"Tinker AFB, OK",Air Force,,,,
"THUNDER RANCH WIND PROJECT, LLC",Oklahoma,Noble,999 - NO PREDOMINANT COUNTRY CODE,160.0,2016.0,36.3886,-97.2305,49.7,"Tinker AFB, OK",Air Force,,,,
"THUNDER RANCH WIND PROJECT, LLC",Oklahoma,Noble,999 - NO PREDOMINANT COUNTRY CODE,163.0,2016.0,36.3886,-97.2305,49.7,"Tinker AFB, OK",Air Force,,,,
"THUNDER RANCH WIND PROJECT, LLC",Oklahoma,Noble,999 - NO PREDOMINANT COUNTRY CODE,160.0,2016.0,36.3886,-97.2305,49.7,"Tinker AFB, OK",Air Force,,,,
"THUNDER RANCH WIND PROJECT, LLC",Oklahoma,Noble,999 - NO PREDOMINANT COUNTRY CODE,160.0,2016.0,36.3886,-97.2305,49.7,"Tinker AFB, OK",Air Force,,,,
"THUNDER RANCH WIND PROJECT, LLC",Oklahoma,Noble,999 - NO PREDOMINANT COUNTRY CODE,167.0,2016.0,36.3886,-97.2305,49.7,"Tinker AFB, OK",Air Force,,,,
"THUNDER RANCH WIND PROJECT, LLC",Oklahoma,Noble,999 - NO PREDOMINANT COUNTRY CODE,160.0,2016.0,36.3886,-97.2305,49.7,"Tinker AFB, OK",Air Force,,,,
"THUNDER RANCH WIND PROJECT, LLC",Oklahoma,Noble,999 - NO PREDOMINANT COUNTRY CODE,160.0,2016.0,36.3886,-97.2305,49.7,"Tinker AFB, OK",Air Force,,,,
"THUNDER RANCH WIND PROJECT, LLC",Oklahoma,Noble,999 - NO PREDOMINANT COUNTRY CODE,160.0,2016.0,36.3886,-97.2305,49.7,"Tinker AFB, OK",Air Force,,,,
"THUNDER RANCH WIND PROJECT, LLC",Oklahoma,Noble,999 - NO PREDOMINANT COUNTRY CODE,160.0,2016.0,36.3886,-97.2305,49.7,"Tinker AFB, OK",Air Force,,,,
"THUNDER RANCH WIND PROJECT, LLC",Oklahoma,Noble,999 - NO PREDOMINANT COUNTRY CODE,160.0,2016.0,36.3886,-97.2305,49.7,"Tinker AFB, OK",Air Force,,,,
"THUNDER RANCH WIND PROJECT, LLC",Oklahoma,Noble,999 - NO PREDOMINANT COUNTRY CODE,160.0,2016.0,36.3886,-97.2305,49.7,"Tinker AFB, OK",Air Force,,,,
"THUNDER RANCH WIND PROJECT, LLC",Oklahoma,Noble,999 - NO PREDOMINANT COUNTRY CODE,163.0,2016.0,36.3886,-97.2305,49.7,"Tinker AFB, OK",Air Force,,,,
"THUNDER RANCH WIND PROJECT, LLC",Oklahoma,Noble,999 - NO PREDOMINANT COUNTRY CODE,160.0,2016.0,36.3886,-97.2305,49.7,"Tinker AFB, OK",Air Force,,,,
"THUNDER RANCH WIND PROJECT, LLC",Oklahoma,Noble,999 - NO PREDOMINANT COUNTRY CODE,160.0,2016.0,36.3886,-97.2305,49.7,"Tinker AFB, OK",Air Force,,,,
"SUNDANCE WIND PROJECT, LLC",Oklahoma,Noble,999 - NO PREDOMINANT COUNTRY CODE,160.0,2016.0,36.3886,-97.2305,49.7,"Tinker AFB, OK",Air Force,,,,
"THUNDER RANCH WIND PROJECT, LLC",Oklahoma,Noble,999 - NO PREDOMINANT COUNTRY CODE,133.0,2016.0,36.3886,-97.2305,49.7,"Tinker AFB, OK",Air Force,,,,
"THUNDER RANCH WIND PROJECT, LLC",Oklahoma,Noble,999 - NO PREDOMINANT COUNTRY CODE,120.0,2016.0,36.3886,-97.2305,49.7,"Tinker AFB, OK",Air Force,,,,
"THUNDER RANCH WIND PROJECT, LLC",Oklahoma,Noble,999 - NO PREDOMINANT COUNTRY CODE,122.0,2016.0,36.3886,-97.2305,49.7,"Tinker AFB, OK",Air Force,,,,
"THUNDER RANCH WIND PROJECT, LLC",Oklahoma,Noble,999 - NO PREDOMINANT COUNTRY CODE,110.0,2016.0,36.3886,-97.2305,49.7,"Tinker AFB, OK",Air Force,,,,
"THUNDER RANCH WIND PROJECT, LLC",Oklahoma,Noble,999 - NO PREDOMINANT COUNTRY CODE,80.0,2016.0,36.3886,-97.2305,49.7,"Tinker AFB, OK",Air Force,,,,
"THUNDER RANCH WIND PROJECT, LLC",Oklahoma,Noble,999 - NO PREDOMINANT COUNTRY CODE,80.0,2016.0,36.3886,-97.2305,49.7,"Tinker AFB, OK",Air Force,,,,
"THUNDER RANCH WIND PROJECT, LLC",Oklahoma,Noble,999 - NO PREDOMINANT COUNTRY CODE,80.0,2016.0,36.3886,-97.2305,49.7,"Tinker AFB, OK",Air Force,,,,
"THUNDER RANCH WIND PROJECT, LLC",Oklahoma,Noble,999 - NO PREDOMINANT COUNTRY CODE,80.0,2016.0,36.3886,-97.2305,49.7,"Tinker AFB, OK",Air Force,,,,
"THUNDER RANCH WIND PROJECT, LLC",Oklahoma,Noble,999 - NO PREDOMINANT COUNTRY CODE,80.0,2016.0,36.3886,-97.2305,49.7,"Tinker AFB, OK",Air Force,,,,
"THUNDER RANCH WIND PROJECT, LLC",Oklahoma,Noble,999 - NO PREDOMINANT COUNTRY CODE,77.0,2016.0,36.3886,-97.2305,49.7,"Tinker AFB, OK",Air Force,,,,
"THUNDER RANCH WIND PROJECT, LLC",Oklahoma,Noble,999 - NO PREDOMINANT COUNTRY CODE,76.0,2016.0,36.3886,-97.2305,49.7,"Tinker AFB, OK",Air Force,,,,
"THUNDER RANCH WIND PROJECT, LLC",Oklahoma,Noble,999 - NO PREDOMINANT COUNTRY CODE,80.0,2016.0,36.3886,-97.2305,49.7,"Tinker AFB, OK",Air Force,,,,
"THUNDER RANCH WIND PROJECT, LLC",Oklahoma,Noble,999 - NO PREDOMINANT COUNTRY CODE,80.0,2016.0,36.3886,-97.2305,49.7,"Tinker AFB, OK",Air Force,,,,
"THUNDER RANCH WIND PROJECT, LLC",Oklahoma,Noble,999 - NO PREDOMINANT COUNTRY CODE,80.0,2016.0,36.3886,-97.2305,49.7,"Tinker AFB, OK",Air Force,,,,
"THUNDER RANCH WIND PROJECT, LLC",Oklahoma,Noble,999 - NO PREDOMINANT COUNTRY CODE,65.0,2016.0,36.3886,-97.2305,49.7,"Tinker AFB, OK",Air Force,,,,
"THUNDER RANCH WIND PROJECT, LLC",Oklahoma,Noble,999 - NO PREDOMINANT COUNTRY CODE,55.0,2016.0,36.3886,-97.2305,49.7,"Tinker AFB, OK",Air Force,,,,
"THUNDER RANCH WIND PROJECT, LLC",Oklahoma,Noble,999 - NO PREDOMINANT COUNTRY CODE,60.0,2016.0,36.3886,-97.2305,49.7,"Tinker AFB, OK",Air Force,,,,
"THUNDER RANCH WIND PROJECT, LLC",Oklahoma,Noble,999 - NO PREDOMINANT COUNTRY CODE,48.0,2016.0,36.3886,-97.2305,49.7,"Tinker AFB, OK",Air Force,,,,
"THUNDER RANCH WIND PROJECT, LLC",Oklahoma,Noble,999 - NO PREDOMINANT COUNTRY CODE,40.0,2016.0,36.3886,-97.2305,49.7,"Tinker AFB, OK",Air Force,,,,
"THUNDER RANCH WIND PROJECT, LLC",Oklahoma,Noble,999 - NO PREDOMINANT COUNTRY CODE,38.0,2016.0,36.3886,-97.2305,49.7,"Tinker AFB, OK",Air Force,,,,
"THUNDER RANCH WIND PROJECT, LLC",Oklahoma,Noble,999 - NO PREDOMINANT COUNTRY CODE,10.0,2016.0,36.3886,-97.2305,49.7,"Tinker AFB, OK",Air Force,,,,
"THUNDER RANCH WIND PROJECT, LLC",Oklahoma,Noble,999 - NO PREDOMINANT COUNTRY CODE,280.0,2016.0,36.3886,-97.2305,49.7,"Tinker AFB, OK",Air Force,,,,
HTFF Reit Inc,Florida,Flagler,998 - NO FOREIGN INVESTOR LISTED,3937.0,2018.0,29.4614,-81.3136,49.8,"Camp Blanding, FL",Army,,,,
